{"web":{"client_id":"483495607570-kqp8ovql26vmgg3q43qhgqmoaos1fd86.apps.googleusercontent.com","project_id":"graduation-research-353801","auth_uri":"https://accounts.google.com/o/oauth2/auth","token_uri":"https://oauth2.googleapis.com/token","auth_provider_x509_cert_url":"https://www.googleapis.com/oauth2/v1/certs","client_secret":"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","redirect_uris":["http://127.0.0.1:5000/","http://localhost:5000/","https://localhost:5000/","https://localhost.localhost-https.tk:5000/","http://localhost:8080/"]}}